{"eval/loss": 1.5274477005004883, "eval/random_top1": 0.5595906, "eval/recall@100": 0.984837, "eval/verifier_top1_accuracy@100": 0.38968916, "eval/voting_top1_accuracy@100": 0.79302502, "eval/weighted_voting_top1_accuracy@100": 0.78771797, "eval/recall@75": 0.9787718, "eval/verifier_top1_accuracy@75": 0.39840788, "eval/voting_top1_accuracy@75": 0.79234268, "eval/weighted_voting_top1_accuracy@75": 0.79006823, "eval/recall@50": 0.97103867, "eval/verifier_top1_accuracy@50": 0.4181956, "eval/voting_top1_accuracy@50": 0.78779378, "eval/weighted_voting_top1_accuracy@50": 0.78195603, "eval/recall@25": 0.94814253, "eval/verifier_top1_accuracy@25": 0.45178165, "eval/voting_top1_accuracy@25": 0.77839272, "eval/weighted_voting_top1_accuracy@25": 0.77164519, "eval/recall@20": 0.93851403, "eval/verifier_top1_accuracy@20": 0.4555724, "eval/voting_top1_accuracy@20": 0.76959818, "eval/weighted_voting_top1_accuracy@20": 0.76671721, "eval/recall@10": 0.89886277, "eval/verifier_top1_accuracy@10": 0.47975739, "eval/voting_top1_accuracy@10": 0.74374526, "eval/weighted_voting_top1_accuracy@10": 0.73502654, "eval/recall@5": 0.83874147, "eval/verifier_top1_accuracy@5": 0.51576952, "eval/voting_top1_accuracy@5": 0.69112964, "eval/weighted_voting_top1_accuracy@5": 0.67983321, "eval/recall@2": 0.70295679, "eval/verifier_top1_accuracy@2": 0.54829416, "eval/voting_top1_accuracy@2": 0.56118271, "eval/weighted_voting_top1_accuracy@2": 0.55299469, "eval/runtime": 6275.1441, "eval/samples_per_second": 21.23, "train/epoch": 1.0, "train/global_step": 1, "_runtime": 6301, "_timestamp": 1739980951, "_step": 1, "train/train_runtime": 6302.0045, "train/train_samples_per_second": 0.0, "train/total_flos": 0}